,Phyllobaenus atriplexus,Eupelmid gen. n.,Torymus c. capillaceus,Pseudocatolaccus guizoti,Rileya tegularis,Tenuipetiolus medicaginus,Torymus atriplicis,Tetrastichus sp. A,Torymus umbilicatus,Tetrastichus sp. B,Rileya piercei,Galeopsomyia sp. B,Galeopsomyia sp. D,Galeopsomyia sp. E,Torymus n. sp.,Eurytoma sp.,Tetrastichus sp. C,Platygaster sp. B,Lestodiplosis sp.,Galeopsomyia sp. A,Tetrastichus cecidobroter,Acarid sp.,Gelechiid sp. B,Gracilariid sp.,Goniozus sp. A,Goniozus sp. B,Chelonus sp.,Arthrocnodax sp.,Anystid sp.,Asphondylia sp. D (blister leaf & nipple bud gall maker),Asphondylia sp. E (tumor stem maker),Asphondylia sp. F (oval twig maker),Asphondylia sp. G (oval bud/flower gall maker),Asphondylia sp. H (fuzzy bud/flower gall maker),Nesolasioptera willistoni (woody/smooth stem maker)
Eupelmid gen. n.,1,0,0,0,0,0,0,0,0,0,0,0,0,0,0,0,0,0,0,0,0,0,0,0,0,0,0,0,0,0,0,0,0,0,0
Torymus c. capillaceus,1,1,0,0,0,0,0,0,0,0,0,0,0,0,0,0,0,0,0,0,0,0,0,0,0,0,0,0,0,0,0,0,0,0,0
Pseudocatolaccus guizoti,1,1,0,0,0,0,0,0,0,0,0,0,0,0,0,0,0,0,0,0,0,0,0,0,0,0,0,0,0,0,0,0,0,0,0
Rileya tegularis,1,1,1,0,0,0,0,0,0,0,0,0,0,0,0,0,0,0,0,0,0,0,0,0,0,0,0,0,0,0,0,0,0,0,0
Tenuipetiolus medicaginus,1,1,0,0,0,0,0,0,0,0,0,0,0,0,0,0,0,0,0,0,0,0,0,0,0,0,0,0,0,0,0,0,0,0,0
Torymus atriplicis,1,1,0,0,0,0,0,0,0,0,0,0,0,0,0,0,0,0,0,0,0,0,0,0,0,0,0,0,0,0,0,0,0,0,0
Tetrastichus sp. A,1,1,1,0,0,0,0,0,0,0,0,0,0,0,0,0,0,0,0,0,0,0,0,0,0,0,0,0,0,0,0,0,0,0,0
Torymus umbilicatus,1,1,0,0,0,0,0,0,0,0,0,0,0,0,0,0,0,0,0,0,0,0,0,0,0,0,0,0,0,0,0,0,0,0,0
Tetrastichus sp. B,1,0,0,0,0,0,0,0,0,0,0,0,0,0,0,0,0,0,0,0,0,0,0,0,0,0,0,0,0,0,0,0,0,0,0
Galeopsomyia sp. B,1,0,0,0,0,0,0,0,0,0,0,0,0,0,0,0,0,0,0,0,0,0,0,0,0,0,0,0,0,0,0,0,0,0,0
Eurytoma sp.,0,1,0,0,0,0,0,0,0,0,0,0,0,0,0,0,0,0,0,0,0,0,0,0,0,0,0,0,0,0,0,0,0,0,0
Tetrastichus sp. C,0,1,0,0,0,0,0,0,0,0,0,0,0,0,0,0,0,0,0,0,0,0,0,0,0,0,0,0,0,0,0,0,0,0,0
Platygaster sp. B,0,1,0,0,0,0,0,0,0,0,0,0,0,0,0,0,0,0,0,0,0,0,0,0,0,0,0,0,0,0,0,0,0,0,0
Acarid sp.,0,0,0,0,0,0,0,0,0,0,0,0,0,0,0,0,0,0,0,0,0,0,0,0,0,0,0,1,1,0,0,0,0,0,0
Gelechiid sp. B,0,0,0,0,0,0,0,0,0,0,0,0,0,0,0,0,0,0,0,0,0,0,0,0,1,1,1,0,0,0,0,0,0,0,0
Asphondylia sp. D (blister leaf & nipple bud gall maker),0,0,0,1,0,1,0,1,0,1,1,1,0,0,0,0,0,0,0,0,0,0,0,0,0,0,0,0,0,0,0,0,0,0,0
Asphondylia sp. E (tumor stem maker),1,0,1,0,1,1,1,0,1,1,0,0,0,0,0,0,0,0,0,0,0,0,0,0,0,0,0,0,0,0,0,0,0,0,0
Asphondylia sp. F (oval twig maker),1,0,1,0,1,1,1,1,1,1,0,1,0,0,0,0,0,0,0,0,0,0,0,0,0,0,0,0,0,0,0,0,0,0,0
Asphondylia sp. G (oval bud/flower gall maker),0,0,1,0,0,1,0,1,0,0,1,1,1,1,0,0,0,0,0,0,0,0,0,0,0,0,0,0,0,0,0,0,0,0,0
Asphondylia sp. H (fuzzy bud/flower gall maker),0,0,1,0,1,1,0,0,0,0,0,0,0,0,1,0,0,0,0,0,0,0,0,0,0,0,0,0,0,0,0,0,0,0,0
Nesolasioptera willistoni (woody/smooth stem maker),0,0,0,0,0,0,0,0,0,0,0,0,0,0,0,1,1,1,1,0,0,0,0,0,0,0,0,0,0,0,0,0,0,0,0
gall tissue (Atriplex canescens),0,0,1,0,1,0,0,0,0,0,0,0,0,0,0,0,0,0,0,1,1,1,1,1,0,0,0,0,0,1,1,1,1,1,1
